时间,cpu百分比/s,已用内存/MB,已用内存百分比,状态
11:04:47,0,0,0,0
11:04:49,0,0,0,0
11:04:51,0,0,0,0
11:32:00,0.0,148.82,0.24,1
11:32:02,0.0,148.95,0.24,1
11:32:04,0.0,149.11,0.24,1
11:32:06,0.0,149.73,0.24,1
11:32:08,0.0,149.84,0.24,1
11:32:10,0.0,149.95,0.24,1
11:32:12,0.0,150.07,0.24,1
11:32:14,0.0,150.07,0.24,1
11:32:16,0.0,150.07,0.24,1
11:32:18,0.0,150.44,0.24,1
11:32:37,0.0,151.44,0.25,1
11:32:39,0.0,151.55,0.25,1
11:32:41,0.0,151.66,0.25,1
11:32:43,0.0,151.8,0.25,1
11:32:45,0.0,151.91,0.25,1
11:32:47,0.0,152.03,0.25,1
11:32:49,0.0,152.14,0.25,1
11:32:52,0.0,152.27,0.25,1
11:32:54,0.0,152.57,0.25,1
